[{
        "question_number":1,
        "question":"Consider the polynomial p(x)=a0+a1x+a2x^2+a3x^2, where ai!=0, for all i. The minimum number of multiplications needed to evaluate p on an input x is:",
        "options":["3,4,6,9"],
        "correct_answer":"3",
        "correct_option_number":"A"
    },
    {
        "question_number":2,
        "question":"Let X,Y,Z be sets of sizes x,y and z respectively.Let W X Y=x and E be the set of all subsets of W.The number of functions from Z to E is:",
        "options":["Z^2xy,Z*2^xy,Z^2x+y,2^xyz"],
        "correct_answer":"2^xyz",
        "correct_option_number":"D"
    },
    {
        "question_number":3,
        "question":"The set {1, 2, 3, 5, 7, 8, 9} under multiplication modulo 10 is not a group. Given below are four plausible reasons. Which one of them is false?",
        "options":["It is not closed, 2 does not have an inverse, 3 does not have an inverse, 8 does not have an inverse"],
        "correct_answer":"3 does not have an inverse",
        "correct_option_number":"C"
    },
    {       
        "question_number":4,
        "question":"A relation R is defined on ordered pairs of integers as follows: (x, y) R (u, v) if x < u and y > v. Then R is:",
        "options":["Neither a Partial Order nor an Equivalence Relation, A Partial Order but not a Total Order, A Total Order, An Equivalence Relation"],
        "correct_answer":"Neither a Partial Order nor an Equivalence Relation",
        "correct_option_number":"A"
    },
    {
        "question_number":5,
        "question":"For which one of the following reasons does Internet Protocol (IP) use the time- to-live (TTL) field in the IP datagram header?",
        "options":["Ensure packets reach destination within that time, Discard packets that reach later than that time, Prevent packets from looping indefinitely,Limit the time for which a packet gets queued in intermediate routers"],
        "correct_answer":"Prevent packets from looping indefinitely",
        "correct_option_number":"C"
    },
    {
        "question_number":6,
        "question":"Consider three CPU-intensive processes, which require 10, 20 and 30 time units and arrive at times 0, 2 and 6, respectively. How many context switches are needed if the operating system implements a shortest remaining time first scheduling algorithm? Do not count the context switches at time zero and at the end.",
        "options":["1,2,3,4"],
        "correct_answer":"2",
        "correct_option_number":"B"
    },
    {
        "question_number":7,
        "question":"Consider the following grammar. S->S * E,S->E,E->F + E,E->F F->id.Consider the following LR (0) items corresponding to the grammar above.(i)S->S *-> E(ii)E ->F -> + E (iii)E ->F + -> E Given the items above, which two of them will appear in the same set in the canonical sets-of-items for the grammar?",
        "options":["(i) and (ii), (i) and (iii),(ii) and (iii),None of the above"],
        "correct_answer":"(ii) and (iii)",
        "correct_option_number":"C"
    },
    {
        "question_number":8,
        "question":"A CPU has 24-bit instructions. A program starts at address 300 (in decimal). Which one of the following is a legal program counter (all values in decimal)?",
        "options":["400,500,600,700"],
        "correct_answer":"600",
        "correct_option_number":"C"
    },
    {
        "question_number":9,
        "question":"In a binary max heap containing n numbers, the smallest element can be found in time",
        "options":["O (n),O (log n),O (log log n),O(1)"],
        "correct_answer":"o(n)",
        "correct_option_number":"A"
    },
    {
        "question_number":10,
        "question":"Consider a weighted complete graph G on the vertex set {v1, v2, ..., vn} such that the weight of the edge (vi, vj) is 2|i - j|. The weight of a minimum spanning tree of G is:",
        "options":["n - 1,2n-2,(n 2),n^2"],
        "correct_answer":"2n-2",
        "correct_option_number":"B"
    },
    {
        "question_number":11,
        "question":"To implement Dijkstra‘s shortest path algorithm on unweighted graphs so that it runs in linear time, the data structure to be used is:",
        "options":["Queue,Stack,Heap,B-Tree"],
        "correct_answer":"Queue",
        "correct_option_number":"A"
    },
    {
        "question_number":12,
        "question":"A scheme for storing binary trees in an array X is as follows. Indexing of X starts at 1 instead of 0. the root is stored at X[1]. For a node stored at X[i], the left child, if any, is stored in X[2i] and the right child, if any, in X[2i+1]. To be able to store any binary tree on n vertices the minimum size of X should be",
        "options":["log2 n, n,2n + 1,2^n- 1"],
        "correct_answer":"2^n-1",
        "correct_option_number":"D"
    },
    {
        "question_number":13,
        "question":"Which one of the following in place sorting algorithms needs the minimum number of swaps?",
        "options":["Quick sort,Insertion sort,Selection sort,Heap sort"],
        "correct_answer":"Selection sort",
        "correct_option_number":"C"
    },
    {
        "question_number":14,
        "question":"Consider the following C-program fragment in which i, j and n are integer variables. for (i = n, j = 0; i > 0; i /= 2, j +=i);Let val (j) denote the value stored in the variable j after termination of the for loop. Which one of the following is true?",
        "options":["val(j) = Θ(log n),val (j) Θ(√n),val (j)= Θ( n ),val (j) =Θ(n log n)"],
        "correct_answer":"val (j)= Θ( n )",
        "correct_option_number":"C"
    },
    {
        "question_number":15,
        "question":"Let S be an NP-complete problem and Q and R be two other problems not known to be in NP. Q is polynomial time reducible to S and S is polynomial-time reducible to R. Which one of the following statements is true?",
        "options":["R is NP-complete,Q is NP-complete,R is NP-hard, Q is NP-hard"],
        "correct_answer":"R is NP-hard",
        "correct_option_number":"B"
    },
    {
        "question_number":16,
        "question":"An element in an array X is called a leader if it is greater than all elements to the right of it in X. The best algorithm to find all leaders in an array",
        "options":["Solves it in linear time using a left to right pass of the array,Solves it in linear time using a right to left pass of the array,Solves it using divide and conquer in time  (n log n),Solves it in time theta(n2)"],
        "correct_answer":"Solves it in linear time using a right to left pass of the array",
        "correct_option_number":"B"
    },
    {
        "question_number":17,
        "question":"We are given a set X={x1,...xn} where xi = 2^i. A sample S subset of X is drawn by selecting each xi independently with probability π =1/2. The expected value of the smallest number in sample S is:",
        "options":["1/n,2,√n,n"],
        "correct_answer":"n",
        "correct_option_number":"D"
    },
    {
        "question_number":18,
        "question":"Let L1 = {0^n+m 1^n 0m | n, m ≥ 0},L2 = {0^n+m 1^n+m 0m | n, m ≥ 0}, and L3 {0^n+m 1^n+m 0^n+m | n, m ≥ 0}.Which of these languages are not context free?",
        "options":["L1 only,L3 only,L1 and L2, L2 and L3"],
        "correct_answer":"L2 and L3",
        "correct_option_number":"D"
    },
    {
        "question_number":19,
        "question":"Consider the following log sequence of two transactions on a bank account, with initial balance 12000, that transfer 2000 to a mortgage payment and then apply a 5% interest. T1 start T1 B old=1200 new=10000, T1 M old=0 new=2000,T1 commit,T2 start ,T2 B old=10000 new=10500,T2 commit Suppose the database system cra shes just before log record 7 is written. When the system is restarted, which one statement is true of the recovery procedure?",
        "options":["We must redo log record 6 to set B to 10500, We must undo log record 6 to set B to 10000 and then redo log records 2 and 3, We need not redo log records 2 and 3 because transaction T1 has committed,We can apply redo and undo operations in arbitrary order because they are idempotent."],
        "correct_answer":"We must undo log record 6 to set B to 10000 and then redo log records 2 and 3",
        "correct_option_number":"B"
    },
    {
        "question_number":20,
        "question":"For each element in a set of size 2n, an unbiased coin is tossed. The 2n coin tosses are independent. An element is chosen if the corresponding coin toss were head. The probability that exactly n elements are chosen is:",
        "options":["(2n n)4^n,(2n n)2^n,1/2n,1/2"],
        "correct_answer":"(2n n)4^n",
        "correct_option_number":"A"
    },
    {
        "question_number":21,
        "question":"Let E, F and G be finite sets. Let X = (E intersection F) - (F intersection G) and Y = (E - (E intersection G)) - (E - F). Which one of the following is true?",
        "options":["x subset y,x superset y,x=y,x-y!=Φ and y-x!=Φ"],
        "correct_answer":"x=y",
        "correct_option_number":"C"
    },
    {
        "question_number":22,
        "question":"F is an n x n real matrix. b is an n x 1 real vector. Suppose there are two n x 1 vectors, u and v such that , u != v and Fu = b, Fv = b. Which one of the following statements is false?",
        "options":["Determinant of F is zero, There are an infinite number of solutions to Fx = b,There is an x != 0 such that Fx = 0,F must have two identical rows"],
        "correct_answer":"F must have two identical rows",
        "correct_option_number":"D"
    },
    {
        "question_number":23,
        "question":"Given a set of elements N = {1, 2, ..., n} and two arbitrary subsets A subset N and B subset N, how many of the n! permutations pie from N to N satisfy min (pie (A)) = min (pie(B)), where min(S) is the smallest integer in the set of integers S, and pie(S) is the set of integers obtained by applying permutation pie to each element of S?",
        "options":["(n - |A union B|) |A| |B|, (|A|^2 + |B|^2) n^2, n! |a intersection B| / |A union B|],|a intersection B|^2/(n |A union B|"],
        "correct_answer":"|a intersection B|^2/(n |A union B|",
        "correct_option_number":"D"
    },
    {
        "question_number":24,
        "question":"Let S = {1, 2, 3, ..., m}, m > 3. Let X1 ... Xn be subsets of S each of size 3. Define a function f from S to the set of natural numbers as, f(i) is the number of sets Xj that contain the llement i. That is f(i) =|{j|i belongs to Xj|}|. Then sigma(i-1 to infinity)f(i) is",
        "options":["3m,3n,2m +1,2n + 1"],
        "correct_answer":"3n",
        "correct_option_number":"B"
    },
    {
        "question_number":25,
        "question":"Which one of the first order predicate calculus statements given below correctly express the following English statement?Tigers and lions attack if they are hungry or threatened.",
        "options":["for all x [(tiger (x) and lion (x)) -> {(hungry (x) and threatened (x)) -> attacks (x)}],for allx [(tiger (x) or lion (x)) -> {(hungry (x) and threatened (x)) and attacks (x)}],for all x [(tiger (x) or lion (x)) -> {(hungry (x) -> hungry (x) or threatened (x))}],for all x [(tiger (x) or lion (x)) -> {(hungry (x) or threatened (x)) -> attacks (x)}]"],
        "correct_answer":"for all x [(tiger (x) or lion (x)) -> {(hungry (x) or threatened (x)) -> attacks (x)}]",
        "correct_option_number":"D"
    },
    {
        "question_number":26,
        "question":"Consider the following propositional statements: P1: ((A and B) -> C)) ≡ ((A -> C) and (B -> C))P2: ((A or B) -> C)) ≡ ((A -> C) or (B -> C))Which one of the following is true?",
        "options":["P1 is a tautology, but not P2,P2 is a tautology, but not P1 P1 and P2 are both tautologies,Both P1 and P2 are not tautologies"],
        "correct_answer":"Both P1 and P2 are not tautologies",
        "correct_option_number":"D"
    },
    {
        "question_number":27,
        "question":"If s is a string over (0 + 1)* then let n0 (s) denote the number of 0's in s and n1(s) the number of 1's in s. Which one of the following languages is not regular?",
        "options":["L = {S  ε (0 + 1) * | n0 (s) is a 3-digit prime},L = {S ε to (0 + 1) * | for every prefix s' of s, |n0 (s') - n1 (s') | <= 2},L = {S ε (0 + 1) * | n0 (s) - n1 (s) |  4,L = {S ε (0 + 1) * | n0 (s) mod 7 = n1 (s) mod 5 = 0}"],
        "correct_answer":"L = {S ε to (0 + 1) * | for every prefix s' of s",
        "correct_option_number":"B"
    },
    {
        "question_number":28,
        "question":"For S ε (0 + 1) * let d(s) denote the decimal value of s (e.g. d (101) = 5). Let L = {s ε (0 + 1) * | d(s) mod 5 = 2 and (s) mod 7 != 4}Which one of the following statements is true?",
        "options":["L is recursively enumerable, but not recursive,L is recursive but not context-free, L is context-free, but not regular,L is regular"],
        "correct_answer":"",
        "correct_option_number":"B"
    },
    {
        "question_number":29,
        "question":"Let SHAM3 be the problem of finding a Hamiltonian cycle in a graph G = (V, E) with |V| divisible by 3 and DHAM3 be the problem of determining if a Hamiltonian cycle exists in such graphs. Which one of the following is true?",
        "options":["Both DHAM3 and SHAM3 are NP-hard,SHAM3 is NP-hard, but DHAM3 is not,DHAM3 is NP-hard, but SHAM3 is not,Neither DHAM3 nor SHAM3 is NP-hard"],
        "correct_answer":"Both DHAM3 and SHAM3 are NP-hard",
        "correct_option_number":"A"
    },
    {
        "question_number":30,
        "question":"Consider the following statements about the context free grammar G = {S -> SS, S -> ab, S -> ba, S -> ε }G is ambiguous,G produces all strings with equal number of a's and b's,G can be accepted by a deterministic PDA.Which combination below expresses all the true statements about G?",
        "options":["I only,I and III only,II and III only,I II and III"],
        "correct_answer":"I and III only",
        "correct_option_number":"B"
    },
    {
        "question_number":31,
        "question":"Let L1 be a regular language, L2 be a deterministic context-free language and L3 a recursively enumerable, but not recursive, language. Which one of the following statements is false?",
        "options":["L1 intersection L2 is a deterministic CFL,L3 intersection L1 is recursive,L1 intersection L2 is context free,L1 intersection L2 intersection L3 is recursively enumerable"],
        "correct_answer":"L3 intersection L1 is recursive",
        "correct_option_number":"B"
    },
    {
        "question_number":32,
        "question":"Consider the regular language L = (111 + 11111) * . The minimum number of states in any DFA accepting this languages is:",
        "options":["3,5,8,9"],
        "correct_answer":"9",
        "correct_option_number":"D"
    },
    {
        "question_number":33,
        "question":"Given two three bit numbers a2a1a0 and b2b1b0 and c, the carry in the function that represents the carry generate function when these two numbers are added is:",
        "options":["a2b2 + a2a1b1 + a2a1a0b0 + a2a0b1b0+ a1b2b1 + a1a0b2b0 + a0b2b1b0 ,a2b2 + a2b1b0 + a2a1b1b0 + a1a0b2b1+ a1a0b2 + a1a0b2b0 + a2a0b1b0 ,a2 + b2 + (a2  b2) (a1 + b1 + (a1  b1) (a0 + b0))a2b2 +a2 a1b1 + a2 a1 a0b0 +a2 a0 b1 b0+ a1 b2 b1 +a1 a0 b2 b0 + a0 b2b1 b0"],
        "correct_answer":"a2b2 + a2a1b1 + a2a1a0b0 + a2a0b1b0+ a1b2b1 + a1a0b2b0 + a0b2b1b0",
        "correct_option_number":"A"
    },
    {
        "question_number":34,
        "question":"Consider a Boolean function f(w, x, y, z). Suppose that exactly one of its inputs is allowed to change at a time. If the function happens to be true for two input vectors i1 = w1, x1, y1, z1 and i2 = w2, x2, y2, z2, we would like the function to remain true as the input changes from i1 to i2 (i1 and i2 differ in exactly one bit position), without becoming false momentarily. Let f(w, x, y, z) =  (5, 7, 11, 12, 13, 15). Which of the following cube covers of f will ensure that the required property is satisfied?",
        "options":["w xz, wx y , x y z, xyz, wyz;wxy, w xz, wyz;wx yz , xz, w x yz;wzy, wyz, wxz, w xz, x y z, xyz"],
        "correct_answer":"w xz, wx y , x y z, xyz, wyz",
        "correct_option_number":"A"
    },
    {
        "question_number":35,
        "question":"We consider the addition of two 2's complement numbers bn-1 bn-2 ... b0 and an1 an2 ... a0. A binary adder for adding unsigned binary numbers is used to add the two numbers. The sum is denoted by cn-1 cn-2 ... c0 and the carry-out by cout.Which one of the following options correctly identifies the overflow condition?",
        "options":["cout ( an1  bn1 );an1 bn1 cn1+ an1bn1cn1;cout  cn1;an1  bn1  cn1"],
        "correct_answer":"an1 bn1 cn1+ an1bn1cn1",
        "correct_option_number":"B"
    },
    {
        "question_number":36,
        "question":"Consider numbers represented in 4-bit gray code. Let h3h2h1h0 be the gray code representation of a number n and let g3g2g1g0 be the gray code of (n+1) (modulo 16) value of the number. Which one of the following functions is correct?",
        "options":["g0 (h3h2h1h0) = Σ(1, 2, 3, 6, 10, 13, 14, 15);g1 (h3h2h1h0) = Σ(4, 9, 10, 11, 12, 13, 14, 15);g2 (h3h2h1h0) = Σ(2, 4, 5, 6, 7, 12, 13, 15);(h3h2h1h0) = Σ(0, 1, 6, 7, 10, 11, 12, 13)"],
        "correct_answer":"g2 (h3h2h1h0) = Σ(2, 4, 5, 6, 7, 12, 13, 15)",
        "correct_option_number":"C"
    },
    {
        "question_number":37,
        "question":"A CPU has a cache with block size 64 bytes. The main memory has k banks, each bank being c bytes wide. Consecutive c - byte chunks are mapped on consecutive banks with wrap-around. All the k banks can be accessed in parallel, but two accesses to the same bank must be serialized. A cache block access may involve multiple iterations of parallel bank accesses depending on the amount of data obtained by accessing all the k banks in parallel. Each iteration requires decoding the bank numbers to be accessed in parallel and this takes k/2 ns . The latency of one bank access is 80 ns. If c = 2 and k =24, the latency of retrieving a cache block starting at address zero from main memory is:",
        "options":["92 ns;104 ns;172 ns;184 ns"],
        "correct_answer":"184 ns",
        "correct_option_number":"D"
    },
    {
        "question_number":38,
        "question":"A CPU has a five-stage pipeline and runs at 1 GHz frequency. Instruction fetch happens in the first stage of the pipeline. A conditional branch instruction computes the target address and evaluates the condition in the third stage of the pipeline. The processor stops fetching new instructions following a conditional branch until the branch outcome is known. A program executes 109 instructions out of which 20% are conditional branches. If each instruction takes one cycle to complete on average, the total execution time of the program is:",
        "options":["1.0 second;1.2 seconds;1.4 seconds;1.6 seconds"],
        "correct_answer":"1.4 seconds",
        "correct_option_number":"C"
    },
    {
        "question_number":39,
        "question":"Consider a new instruction named branch-on-bit-set (mnemonic bbs). The instruction bbs reg, pos, label jumps to label if bit in position pos of register operand reg is one. A register is 32 bits wide and the bits are numbered 0 to 31, bit in position 0 being the least significant. Consider the following emulation of this instruction on a processor that does not have bbs implemented.temp <- reg & mask Branch to label if temp is non-zero.The variable temp is a temporary register. For correct emulation, the variable mask must be generated by",
        "options":["mask <- 0 x 1 « pos;mask <- 0 x ffffffff » pos;mask <- pos;mask <- 0 x f"],
        "correct_answer":"mask <- 0 x 1 « pos",
        "correct_option_number":"A"
    },
    {
        "question_number":40,
        "question":"Station A uses 32 byte packets to transmit messages to Station B using a sliding window protocol. The round trip delay between A and B is 80 milliseconds and the bottleneck bandwidth on the path between A and B is 128 kbps. What is the optimal window size that A should use?",
        "options":["20,40,160,320"],
        "correct_answer":"40",
        "correct_option_number":"B"
    },
    {
        "question_number":41,
        "question":"Two computers C1 and C2 are configured as follows. C1 has IP address 203.197.2.53 and netmask 255.255.128.0. C2 has IP address 203.197.75.201 and netmask 255.255.192.0. which one of the following statements is true?",
        "options":["C1 and C2 both assume they are on the same network;C2 assumes C1 is on same network, but C1 assumes C2 is on a different network;C1 assumes C2 is on same network, but C2 assumes C1 is on a different network;C1 and C2 both assume they are on different networks."],
        "correct_answer":"C1 assumes C2 is on same network, but C2 assumes C1 is on a different network",
        "correct_option_number":"C"
    },
    {
        "question_number":42,
        "question":"Station A needs to send a message consisting of 9 packets to Station B using a sliding window (window size 3) and go-back-n error control strategy. All packets are ready and immediately available for transmission. If every 5th packet that A transmits gets lost (but no acks from B ever get lost), then what is the number of packets that A will transmit for sending the message to B?",
        "options":["12,14,16,18"],
        "correct_answer":"16",
        "correct_option_number":"C"
    },
    {
        "question_number":43,
        "question":"Let T be a depth first search tree in an undirected graph G. Vertices and u and v are leaves of this treeT. The degrees of both u and v in G are at least 2. which one of the following statements is true?",
        "options":["There must exist a vertex w adjacent to both u and v in G;There must exist a vertex w whose removal disconnects u and v in G;There must exist a cycle in G containing u and v;There must exist a cycle in G containing u and all its neighbours in G."],
        "correct_answer":"There must exist a cycle in G containing u and all its neighbours in G.",
        "correct_option_number":"D"
    },
    {
        "question_number":44,
        "question":"An implementation of a queue Q, using two stacks S1 and S2, is given below:void insert (Q, x) {push (S1, x);}void delete (Q) {if (stack-empty(S2)) then if (stack-empty(S1))then {print(“Q is empty”); return;}else while (!(stack-empty(S1))){ x=pop(S1);push(S2,x);}x=pop(S2);}Let n insert and m (n) delete operations be performed in an arbitrary order on an empty queue Q. Let x and y be the number of push and pop operations performed respectively in the process. Which one of the following is true for all m and n?",
        "options":["n + m <= x < 2n and 2m <= y <= n + m;n + m <= x < 2n and 2m <= y <= 2n;2m <= x < 2n and 2m <= y <= n + m;2m <= x <= 2n and 2m <= y <= 2n"],
        "correct_answer":"n + m <= x < 2n and 2m <= y <= n + m",
        "correct_option_number":"A"
    },
    {
        "question_number":45,
        "question":"A set X can be represented by an array x [n] as follows: x[i]={1 if i ε x;0 otherwise. Consider the following algorithm in which x, y and z are Boolean arrays of size n:algorithm zzz(x[ ], y[ ], z [ ] ) { int i;for(i=0;i<n;++i)z[i] = (x[i] ~y[i]) (~x[i] y[i])}The set Z computed by the algorithm is:",
        "options":["(x union y);(x intersection y);(x-y)intersection(y-x);(x-y)union(y-x)"],
        "correct_answer":"(x-y)union(y-x)",
        "correct_option_number":"D"
    },
    {
        "question_number":46,
        "question":"Consider the following recurrence: T(n) = 2T (√n) + 1, T(1) = 1 Which one of the following is true?",
        "options":["T(n) = Θ(log log n);T(n) = Θ (log n);T(n) = Θ ( √n);T(n) =Θ(n)"],
        "correct_option_number":"T(n) = Θ (log n)",
        "correct_answer":"B"
    },
    {
        "question_number":47,
        "question":"The median of n elements can be found in O (n) time. Which one of the following is correct about the complexity of quick sort, in which median is selected as pivot?",
        "options":["Θ(n);Θ(n log n);Θ(n2);Θ(n3)"],
        "correct_option_number":"Θ(n log n)",
        "correct_answer":"B"
    },
    {
        "question_number":48,
        "question":"Consider the following C-function in which a[n] and b[m] are two sorted integer arrays and c [n + m] be another integer array.void xyz(int a[], int b [], int c []){ int i,j,k;i=j=k=0;while ((i<n) && (j<m))if (a[i] < b[j]) c[k++]= a[i++]; else c[k++] = b[j++];}Which of the following condition(s) hold(s) after the termination of the while loop?j < m, k = n + j -1, and a[n -1] < b[j] if i = n;i < n, k = m + i -1, and b[m - 1] <= a[i] if j = m",
        "options":["only (i);only (ii);either (i) or (ii) but not both;neither (i) nor (ii)"],
        "correct_option_number":"",
        "correct_answer":"C"
    },
    {
        "question_number":49,
        "question":"Given two arrays of numbers a1, ..., an and b1, ..., bn where each number is 0 or 1, the fastest algorithm to find the largest span (i, j) such thatai + ai+1 + ... + aj = bi + bi+1 + ... + bj, or report that there is not such span,",
        "options":["Takes O(3^n) and Ω(2n) time if hashing is permitted;Takes O(n3) and (n2.5) time in the key comparison model;Takes (n) time and space;Takes O( √n ) time only if the sum of the 2n elements is an even number"],
        "correct_option_number":"",
        "correct_answer":"C"
    },
    {
        "question_number":50,
        "question":"Consider these two functions and two statements S1 and S2 about themint{int  work1(int *a,int i, int j)int x=a[i+2];a[j]=x+1; return a[i+2]-3}The transformation form work1 to work2 is valid, i.e., for any program state and input arguments, work2 will compute the same output and have the same effect on program state as work1 All the transformations applied to work1 to get work2 will always improve the performance (i.e reduce CPU time) of work2 compared to work1",
        "options":["S1 is false and S2 is false;S1 is false and S2 is true;S1 is true and S2 is false;S1 is true and S2 is true"],
        "correct_option_number":"",
        "correct_answer":"C"
    },
    {
        "question_number":51,
        "question":"Consider the following code written in a pass-by-reference language like FORTRAN and these statements about the code subroutine swap(ix,iy) it = ix L1 :ix = iy L2 :iy = it end ia = 3 ib = 8 call swap (ia, 1b+5)print end *, ia, ib S1:The compiler will generate code to allocate a temporary nameless cell, initialize it to 13, and pass the address of the cell swapS2: On execution the code will generate a runtime error on line L1 S3: On execution the code will generate a runtime error on line L2 S4: The program will print 13 and 8S5: The program will print 13 and -2 Exactly the following set of statement(s) is correct:",
        "options":[";S1 and S2;S1 and S4;S3;S1 and S5"],
        "correct_option_number":"",
        "correct_answer":"A"
    },
    {
        "question_number":52,
        "question":"Consider this C code to swap two integers and these five statements: the code void swap (int *px, int *py) {*px = *px - *py;*py = *px + *py;*px= *py - *px;} S1:will generate a compilation error S2:may generate a segmentation fault at runtime depending on the arguments passed S3:correctly implements the swap procedure for all input pointers referring to integers stored in memory locations accessible to the process S4:implements the swap procedure correctly for some but not all valid input pointers S5: may add or subtract integers and pointers.",
        "options":["S1;S2 and S3;S2 and S4;S2 and S5"],
        "correct_option_number":"",
        "correct_answer":"B"
    },
    {
        "question_number":53,
        "question":"Consider the following grammar: S -> FR R -> *S|ε F -> id In the predictive parser table, M of the grammar the entries M[S, id] and M[R, $] respectively.",
        "options":["{S -> FR} and {R -> ε};{S -> FR} and { };{S -> FR} and {R -> *S};{F -> id} and {R -> ε}"],
        "correct_option_number":"",
        "correct_answer":"A"
    },
    {
        "question_number":54,
        "question":"Consider the following translation scheme.S -> ER;;R -> *E {print ('*');} R|ε;;E -> F + E {print ('+');}|F ;;F -> (S)|id {print (id.value);}Here id is a token that represents an integer and id.value represents the corresponding integer value. For an input '2 * 3 + 4', this translation scheme prints",
        "options":["2 * 3 + 4;2 * + 3 4;2 3 * 4 +;2 3 4 + *"],
        "correct_option_number":"",
        "correct_answer":"D"
    },
    {
        "question_number":55,
        "question":"Consider the following C code segment.for (i – 0, i<n; i++) { for (j=0; j<n; j++) {if (i%2) {x += (4*j + 5*i); y += (7 + 4*j);}}}Which one of the following is false?",
        "options":["The code contains loop invariant computation;There is scope of common sub-expression elimination in this code;There is scope of strength reduction in this code;There is scope of dead code elimination in this code"],
        "correct_option_number":"",
        "correct_answer":"D"
    },
    {
        "question_number":56,
        "question":"The atomic fetch-and-set x, y instruction unconditionally sets the memory location x to 1 and fetches the old value of x n y without allowing any intervening access to the memory location x. consider the following implementation of P and V functions on a binary semaphore S.void P (binary_semaphore *s) { unsigned y;unsigned *x = &(s->value); do {fetch-and-set x, y;} while (y);}void V (binary_semaphore *s) { S->value = 0;}Which one of the following is true?",
        "options":["The implementation may not work if context switching is disabled in P;Instead of using fetch-and -set, a pair of normal load/store can be used;The implementation of V is wrong;The code does not implement a binary semaphore"],
        "correct_option_number":"",
        "correct_answer":"A"
    },
    {
        "question_number":57,
        "question":"A CPU generates 32-bit virtual addresses. The page size is 4 KB. The processor has a translation look- aside buffer (TLB) which can hold a total of 128 page table entries and is 4-way set associative. The minimum size of the TLB tag is:",
        "options":["11 bits;13 bits;15 bits;20 bits"],
        "correct_option_number":"",
        "correct_answer":"C"
    },
    {
        "question_number":58,
        "question":"A computer system supports 32-bit virtual addresses as well as 32-bit physical addresses. Since the virtual address space is of the same size as the physical address space, the operating system designers decide to get rid of the virtual memory entirely. Which one of the following is true?",
        "options":["Efficient implementation of multi-user support is no longer possible;The processor cache organization can be made more efficient now;Hardware support for memory management is no longer needed;CPU scheduling can be made more efficient now"],
        "correct_answer":"Hardware support for memory management is no longer needed",
        "correct_option_number":"C"
    },
    {
        "question_number":59,
        "question":"Consider three processes (process id 0, 1, 2 respectively) with compute time bursts 2, 4 and 8 time units. All processes arrive at time zero. Consider the longest remaining time first (LRTF) scheduling algorithm. In LRTF ties are broken by giving priority to the process with the lowest process id. The average turn around time is:",
        "options":["13 units;14 units;15 units;16 units"],
        "correct_answer":"13 units",
        "correct_option_number":"A"
    },
    {
        "question_number":60,
        "question":"Consider three processes, all arriving at time zero, with total execution time of 10, 20 and 30 units, respectively. Each process spends the first 20% of execution time doing I/O, the next 70% of time doing computation, and the last 10% of time doing I/O again. The operating system uses a shortest remaining compute time first scheduling algorithm and schedules a new process either when the running process gets blocked on I/O or when the running process finishes its compute burst. Assume that all I/O operations can be overlapped as much as possible. For what percentage of time does the CPU remain idle?",
        "options":["0%;10.6%;30.0%;89.4%"],
        "correct_answer":"10.6%",
        "correct_option_number":"B"
    },
    {
        "question_number":61,
        "question":"Consider the following snapshot of a system running n processes. Process i is holding xi instances of a resource R, 1 <= i <= n. currently, all instances of R are occupied. Further, for all i, process i has placed a request for an additional yi instances while holding the xi instances it already has. There are exactly two processes p and q such that yp = yq = 0. Which one of the following can serve as a necessary condition to guarantee that the system is not approaching a deadlock?",
        "options":["min (xp, xq) < maxk!=p,q yk;xp + xq ≥ mink!=p,q yk;max (xp, xq) > 1;min (xp, xq) > 1"],
        "correct_answer":"xp + xq ≥ mink!=p,q yk",
        "correct_option_number":"B"
    },
    {
        "question_number":62,
        "question":"Consider the relation account (customer, balance) where customer is a primary key and there are no null values. We would like to rank customers according to decreasing balance. The customer with the largest balance gets rank 1. ties are not broke but ranks are skipped: if exactly two customers have the largest balance they each get rank 1 and rank 2 is not assigned.Query1:select A.customer, count(B.customer)from account A, account Bwhere A.balance <=B.balance group by A.customer Query2:select A.customer, 1+count(B.customer)from account A, account Bwhere A.balance < B.balance group by A.customer Consider these statements about Query1 and Query2.(1)Query1 will produce the same row set as Query2 for some but not all databases.(2)Both Query1 and Query2 are correct implementation of the specification(3)Query1 is a correct implementation of the specification but Query2 is not(4)Neither Query1 nor Query2 is a correct implementation of the specification5.Assigning rank with a pure relational query takes less time than scanning in decreasing balance order assigning ranks using ODBC.Which two of the above statements are correct?",
        "options":["2 and 5;1 and 3;1 and 4;3 and 5"],
        "correct_answer":"1 and 4",
        "correct_option_number":"C"
    },
    {
        "question_number":63,
        "question":"Consider the relation enrolled (student, course) in which (student, course) is the primary key, and the relation paid (student, amount) where student is the primary key. Assume no null values and no foreign keys or integrity constraints.Given the following four queries:Query1:select student from enrolled where student in (select student from paid) Query2:select student from paid where student in (select student from enrolled) Query3:select E.student from enrolled E, paid P where E.student = P.student Query4:select student from paid where exists(select * from enrolled where enrolled.student = paid.student) Which one of the following statements is correct?",
        "options":["(A)All queries return identical row sets for any database(B)Query2 and Query4 return identical row sets for all databases but there exist databases for which Query1 and Query2 return different row sets.(C)There exist databases for which Query3 returns strictly fewer rows than Query2(D)There exist databases for which Query4 will encounter an integrity violation at runtime."],
        "correct_answer":"All queries return identical row sets for any database",
        "correct_option_number":"A"
    },
    {
        "question_number":64,
        "question":"The following functional dependencies are given: AB -> CD, AF -> D, DE -> F, C -> G, F -> E, G -> A. Which one of the following options is false?",
        "options":["{CF}+ = {ACDEFG};{BG}+ = {ABCDG};{AF}+ = {ACDEFG};{AB}+ = {ABCDFG}"],
        "correct_answer":"{AF}+ = {ACDEFG}",
        "correct_option_number":"C"
    },
    {
        "question_number":65,
        "question":"The 2n vertices of a graph G corresponds to all subsets of a set of size n, for n  6. Two vertices of G are adjacent if and only if the corresponding sets intersect in exactly two elements.The number of vertices of degree zero in G is:",
        "options":["1;n;n + 1;2^n"],
        "correct_answer":"n+1",
        "correct_option_number":"C"
    },
    {
        "question_number":66,
        "question":"The 2n vertices of a graph G corresponds to all subsets of a set of size n, for n  6. Two vertices of G are adjacent if and only if the corresponding sets intersect in exactly two elements.The maximum degree of a vertex in G is:",
        "options":["(n/2 n)2^n/2;2^n-2;2^n-3*3;2^n-1"],
        "correct_answer":"(n/2 n)2^n/2",
        "correct_option_number":"A"
    },
    {
        "question_number":67,
        "question":"The 2n vertices of a graph G corresponds to all subsets of a set of size n, for n  6. Two vertices of G are adjacent if and only if the corresponding sets intersect in exactly two elements.The number of connected components in G is:",
        "options":["n;n + 2;2^n/2;2^n/n;"],
        "correct_answer":"n+2",
        "correct_option_number":"B"
    },
    {
        "question_number":68,
        "question":"Consider two cache organizations: The first one is 32 KB 2-way set associative with 32-byte block size. The second one is of the same size but direct mapped. The size of an address is 32 bits in both cases. A 2-to-1 multiplexer has a latency of 0.6 ns while a k-bit comparator has a latency of k/10 ns. The hit latency of the set associative organization is h1 while that of the direct mapped one is h2.The value of h1 is:",
        "options":["2.4 ns;2.3 ns;1.8 ns;1.7 ns"],
        "correct_answer":"2.4ns",
        "correct_option_number":"A"
    },
    {
        "question_number":69,
        "question":"Consider two cache organizations: The first one is 32 KB 2-way set associative with 32-byte block size. The second one is of the same size but direct mapped. The size of an address is 32 bits in both cases. A 2-to-1 multiplexer has a latency of 0.6 ns while a k-bit comparator has a latency of k/10 ns. The hit latency of the set associative organization is h1 while that of the direct mapped one is h2.The value of h2 is:",
        "options":["2.4 ns;2.3 ns;1.8 ns;1.7 ns"],
        "correct_answer":"1.7ns",
        "correct_option_number":"D"
    },
    {
        "question_number":70,
        "question":"A 3-ary max heap is like a binary max heap, but instead of 2 children, nodes have 3 children. A 3-ary heap can be represented by an array as follows: The root is stored in the first location, a[0], nodes in the next level, from left to right, is stored from a[1] to a[3]. The nodes from the second level of the tree from left to right are stored from a[4] location onward. An item x can be inserted into a 3-ary heap containing n items by placing x in the location a[n] and pushing it up the tree to satisfy the heap property.Which one of the following is a valid sequence of elements in an array representing 3-ary max heap?",
        "options":["1, 3, 5, 6, 8, 9;9, 3, 6, 8, 5, 1;9, 6, 3, 1, 8, 5;9, 5, 6, 8, 3, 1"],
        "correct_answer":"9, 5, 6, 8, 3, 1",
        "correct_option_number":"D"
    },
    {
        "question_number":71,
        "question":"A 3-ary max heap is like a binary max heap, but instead of 2 children, nodes have 3 children. A 3-ary heap can be represented by an array as follows: The root is stored in the first location, a[0], nodes in the next level, from left to right, is stored from a[1] to a[3]. The nodes from the second level of the tree from left to right are stored from a[4] location onward. An item x can be inserted into a 3-ary heap containing n items by placing x in the location a[n] and pushing it up the tree to satisfy the heap property.Suppose the elements 7, 2, 10 and 4 are inserted, in that order, into the valid 3-ary max heap found in the above question, Q.76.Which one of the following is the sequence of items in the array",
        "options":["10, 7, 9, 8, 3, 1, 5, 2, 6, 4;10, 9, 4, 5, 7, 6, 8, 2, 1, 3;10, 9, 8, 7, 6, 5, 4, 3, 2, 1;10, 8, 6, 9, 7, 2, 3, 4, 1, 5"],
        "correct_answer":"10, 7, 9, 8, 3, 1, 5, 2, 6, 4",
        "correct_option_number":"A"
    },
    {
        "question_number":72,
        "question":"Barrier is a synchronization construct where a set of processes synchronizes globally i.e.each process in the set arrives at the barrier and waits for all others to arrive and then all processes leave the barrier. Let the number of processes in the set be three and S be a binary semaphore with the usual P and V functions.Consider the following C implementation of a barrier with line numbers shown on left.void barrier (void) { 1:P(S);2:process_arrived++;3.V(S);4:while (process_arrived !=3);5:P(S);6:process_left++;7:if (process_left==3){ 8:process_arrived = 0;9:process_left = 0;10:}11:V(S);}The variables process_arrived and process_left are shared among all processes and are initialized to zero. In a concurrent program all the three processes call the barrier function when they need to synchronize globally.The above implementation of barrier is incorrect. Which one of the following is true?",
        "options":["(A)The barrier implementation is wrong due to the use of binary semaphore S(B)The barrier implementation may lead to a deadlock if two barrier in invocations are used in immediate succession.(C)Lines 6 to 10 need not be inside a critical section(D)The barrier implementation is correct if there are only two processes instead of three."],
        "correct_answer":"The barrier implementation may lead to a deadlock if two barrier in invocations are used in immediate succession.",
        "correct_option_number":"B"
    },
    {
        "question_number":73,
        "question":"Barrier is a synchronization construct where a set of processes synchronizes globally i.e. each process in the set arrives at the barrier and waits for all others to arrive and then all processes leave the barrier. Let the number of processes in the set be three and S be a binary semaphore with the usual P and V functions.Consider the following C implementation of a barrier with line numbers shown on left.void barrier (void) { 1:P(S);2:process_arrived++;3.V(S);4:while (process_arrived !=3);5:P(S);6:process_left++;7:if (process_left==3) { 8:process_arrived = 0;9:process_left = 0;10:}11:V(S);}The variables process_arrived and process_left are shared among all processes and are initialized to zero. In a concurrent program all the three processes call the barrier function when they need to synchronize globally.Which one of the following rectifies the problem in the implementation?",
        "options":["(A)Lines 6 to 10 are simply replaced by process_arrived--(B)At the beginning of the barrier the first process to enter the barrier waits until process_arrived becomes zero before proceeding to execute P(S).(C)Context switch is disabled at the beginning of the barrier and re-enabled at the end.(D)The variable process_left is made private instead of shared"],
        "correct_answer":"At the beginning of the barrier the first process to enter the barrier waits until process_arrived becomes zero before proceeding to execute P(S).",
        "correct_option_number":"B"
    },
    {
        "question_number":74,
        "question":"A CPU has a 32 KB direct mapped cache with 128-byte block size. Suppose A is a two-dimensional array of size 512 × 512 with elements that occupy 8-bytes each. Consider the following two C code segments, P1 and P2. P1:for (i=0; i<512; i++) {for (j=0; j<512; j++) { x +=A[i] [j];}}P2:for (i=0; i<512; i++)for (j=0; j<512; j++) { x +=A[j] [i];}}P1 and P2 are executed independently with the same initial state, namely, the array A is not in the cache and i, j, x are in registers. Let the number of cache misses experienced by P1 be M1 and that for P2 be M2.The value of M1 is:",
        "options":["(A)0(B)2048(C)16384(D)262144"],
        "correct_answer":"16384",
        "correct_option_number":"C"
    },
    {
        "question_number":75,
        "question":"A CPU has a 32 KB direct mapped cache with 128-byte block size. Suppose A is a two-dimensional array of size 512 × 512 with elements that occupy 8-bytes each. Consider the following two C code segments, P1 and P2. P1:for (i=0; i<512; i++) {for (j=0; j<512; j++) { x +=A[i] [j];}}P2:for (i=0; i<512; i++)for (j=0; j<512; j++) { x +=A[j] [i];}}P1 and P2 are executed independently with the same initial state, namely, the array A is not in the cache and i, j, x are in registers. Let the number of cache misses experienced by P1 be M1 and that for P2 be M2.The value of the ratio M1/M2 is",
        "options":["0,1/16,1/8,16"],
        "correct_answer":"1/16",
        "correct_option_number":"B"
    },
    {
        "question_number":76,
        "question":"Which one of the following grammars generates the language L = {ai bj | i  j}?",
        "options":["(A)S -> AC | CB,C -> aC b | a | b,A -> a A | ε,B -> B b | ε(B)S -> aS | Sb | a | b(C)S -> AC | CB, C -> aCb | ε, A -> a A | ε, B -> Bb | ε(D)S -> AC | CB, C -> aCb | ε, A -> aA | a, B -> B b | b"],
        "correct_answer":"S -> AC | CB, C -> aCb | ε, A -> aA | a, B -> B b | b",
        "correct_option_number":"D"
    },
    {
        "question_number":77,
        "question":"In the correct grammar above, what is the length of the derivation (number of steps starring from S) to generate the string a^l b^m with l != m?",
        "options":["(A)max (l, m) + 2(B)l + m + 2(C)l + m + 3(D)max (l, m) + 3"],
        "correct_answer":"max (l, m) + 2",
        "correct_option_number":"A"
    }
]
